Id,Category
0000,5
0001,1
0002,0
0003,3
0004,9
0005,10
0006,3
0007,3
0008,1
0009,6
0010,3
0011,1
0012,8
0013,6
0014,7
0015,3
0016,3
0017,3
0018,9
0019,9
0020,2
0021,9
0022,4
0023,6
0024,3
0025,0
0026,4
0027,2
0028,3
0029,6
0030,1
0031,4
0032,0
0033,1
0034,8
0035,10
0036,7
0037,10
0038,10
0039,7
0040,4
0041,1
0042,1
0043,3
0044,7
0045,6
0046,3
0047,10
0048,1
0049,0
0050,3
0051,6
0052,2
0053,10
0054,10
0055,7
0056,5
0057,10
0058,6
0059,9
0060,4
0061,4
0062,1
0063,8
0064,6
0065,6
0066,7
0067,7
0068,6
0069,1
0070,1
0071,9
0072,6
0073,3
0074,7
0075,1
0076,3
0077,10
0078,0
0079,8
0080,6
0081,6
0082,3
0083,10
0084,6
0085,10
0086,0
0087,1
0088,1
0089,9
0090,10
0091,7
0092,9
0093,9
0094,1
0095,7
0096,6
0097,7
0098,4
0099,8
0100,5
0101,0
0102,3
0103,2
0104,1
0105,7
0106,7
0107,2
0108,5
0109,1
0110,3
0111,1
0112,9
0113,1
0114,1
0115,7
0116,1
0117,8
0118,0
0119,7
0120,7
0121,9
0122,6
0123,2
0124,9
0125,7
0126,10
0127,3
0128,1
0129,1
0130,1
0131,8
0132,6
0133,7
0134,3
0135,1
0136,10
0137,1
0138,7
0139,7
0140,8
0141,9
0142,2
0143,3
0144,9
0145,6
0146,3
0147,9
0148,8
0149,9
0150,3
0151,3
0152,10
0153,3
0154,7
0155,7
0156,3
0157,0
0158,1
0159,0
0160,3
0161,6
0162,3
0163,6
0164,1
0165,3
0166,8
0167,2
0168,6
0169,9
0170,1
0171,1
0172,7
0173,1
0174,8
0175,5
0176,1
0177,9
0178,3
0179,5
0180,1
0181,10
0182,7
0183,6
0184,1
0185,2
0186,5
0187,0
0188,9
0189,10
0190,7
0191,10
0192,7
0193,5
0194,8
0195,3
0196,1
0197,9
0198,6
0199,0
0200,1
0201,9
0202,7
0203,3
0204,3
0205,10
0206,9
0207,2
0208,8
0209,9
0210,0
0211,3
0212,1
0213,6
0214,9
0215,5
0216,8
0217,10
0218,10
0219,9
0220,7
0221,7
0222,10
0223,3
0224,1
0225,3
0226,4
0227,7
0228,10
0229,9
0230,1
0231,7
0232,0
0233,3
0234,3
0235,9
0236,10
0237,0
0238,1
0239,7
0240,9
0241,7
0242,1
0243,0
0244,9
0245,2
0246,1
0247,7
0248,7
0249,3
0250,8
0251,1
0252,1
0253,9
0254,6
0255,0
0256,1
0257,9
0258,8
0259,6
0260,8
0261,1
0262,8
0263,4
0264,0
0265,0
0266,1
0267,3
0268,5
0269,10
0270,7
0271,10
0272,5
0273,3
0274,7
0275,6
0276,1
0277,8
0278,1
0279,10
0280,3
0281,10
0282,3
0283,1
0284,1
0285,1
0286,9
0287,8
0288,1
0289,7
0290,10
0291,5
0292,8
0293,8
0294,7
0295,7
0296,1
0297,1
0298,9
0299,8
0300,1
0301,2
0302,1
0303,1
0304,1
0305,10
0306,1
0307,7
0308,7
0309,1
0310,1
0311,4
0312,6
0313,0
0314,10
0315,1
0316,3
0317,5
0318,1
0319,9
0320,6
0321,0
0322,2
0323,3
0324,8
0325,7
0326,1
0327,8
0328,3
0329,3
0330,3
0331,10
0332,7
0333,3
0334,10
0335,1
0336,0
0337,1
0338,0
0339,0
0340,6
0341,9
0342,8
0343,7
0344,3
0345,2
0346,9
0347,1
0348,7
0349,4
0350,2
0351,6
0352,10
0353,7
0354,4
0355,7
0356,5
0357,0
0358,1
0359,8
0360,10
0361,6
0362,7
0363,1
0364,6
0365,4
0366,9
0367,9
0368,6
0369,6
0370,7
0371,7
0372,1
0373,7
0374,0
0375,8
0376,9
0377,3
0378,8
0379,6
0380,8
0381,1
0382,9
0383,8
0384,7
0385,3
0386,9
0387,9
0388,8
0389,9
0390,6
0391,1
0392,1
0393,10
0394,8
0395,3
0396,5
0397,10
0398,7
0399,6
0400,3
0401,1
0402,1
0403,6
0404,10
0405,7
0406,3
0407,4
0408,6
0409,1
0410,7
0411,7
0412,3
0413,5
0414,3
0415,1
0416,1
0417,7
0418,8
0419,7
0420,5
0421,9
0422,1
0423,3
0424,7
0425,6
0426,5
0427,1
0428,8
0429,7
0430,8
0431,3
0432,8
0433,3
0434,1
0435,1
0436,6
0437,4
0438,6
0439,8
0440,2
0441,10
0442,7
0443,7
0444,6
0445,8
0446,5
0447,8
0448,9
0449,0
0450,10
0451,7
0452,1
0453,0
0454,3
0455,3
0456,9
0457,6
0458,10
0459,8
0460,1
0461,9
0462,1
0463,7
0464,3
0465,7
0466,3
0467,8
0468,7
0469,9
0470,5
0471,9
0472,1
0473,8
0474,9
0475,8
0476,7
0477,8
0478,3
0479,7
0480,7
0481,4
0482,5
0483,9
0484,1
0485,7
0486,9
0487,7
0488,7
0489,7
0490,1
0491,7
0492,1
0493,7
0494,10
0495,1
0496,7
0497,0
0498,1
0499,2
0500,1
0501,8
0502,10
0503,1
0504,1
0505,8
0506,0
0507,1
0508,9
0509,9
0510,9
0511,3
0512,3
0513,7
0514,0
0515,7
0516,9
0517,8
0518,6
0519,10
0520,6
0521,9
0522,7
0523,2
0524,10
0525,10
0526,10
0527,1
0528,7
0529,6
0530,5
0531,7
0532,10
0533,7
0534,6
0535,3
0536,10
0537,6
0538,6
0539,3
0540,3
0541,8
0542,9
0543,6
0544,8
0545,7
0546,0
0547,0
0548,8
0549,3
0550,3
0551,7
0552,2
0553,5
0554,1
0555,9
0556,1
0557,1
0558,2
0559,10
0560,5
0561,10
0562,6
0563,0
0564,7
0565,7
0566,1
0567,9
0568,10
0569,5
0570,1
0571,3
0572,6
0573,3
0574,1
0575,1
0576,0
0577,10
0578,10
0579,1
0580,3
0581,3
0582,10
0583,4
0584,5
0585,1
0586,0
0587,8
0588,1
0589,6
0590,5
0591,1
0592,3
0593,10
0594,0
0595,7
0596,10
0597,7
0598,10
0599,4
0600,6
0601,1
0602,7
0603,5
0604,10
0605,7
0606,3
0607,1
0608,10
0609,3
0610,3
0611,0
0612,7
0613,3
0614,5
0615,6
0616,7
0617,4
0618,6
0619,1
0620,9
0621,10
0622,1
0623,1
0624,6
0625,0
0626,10
0627,6
0628,6
0629,1
0630,0
0631,9
0632,10
0633,7
0634,9
0635,1
0636,1
0637,3
0638,7
0639,9
0640,8
0641,0
0642,3
0643,9
0644,5
0645,2
0646,3
0647,6
0648,5
0649,7
0650,1
0651,8
0652,8
0653,8
0654,10
0655,0
0656,4
0657,2
0658,1
0659,10
0660,1
0661,6
0662,9
0663,2
0664,0
0665,3
0666,3
0667,8
0668,7
0669,8
0670,6
0671,1
0672,3
0673,2
0674,1
0675,4
0676,9
0677,6
0678,0
0679,0
0680,1
0681,9
0682,1
0683,10
0684,5
0685,5
0686,7
0687,9
0688,6
0689,8
0690,6
0691,0
0692,10
0693,7
0694,6
0695,7
0696,5
0697,1
0698,8
0699,0
0700,2
0701,0
0702,10
0703,3
0704,1
0705,0
0706,4
0707,7
0708,7
0709,10
0710,1
0711,3
0712,6
0713,1
0714,7
0715,6
0716,3
0717,10
0718,5
0719,6
0720,8
0721,5
0722,2
0723,3
0724,2
0725,10
0726,3
0727,0
0728,4
0729,2
0730,9
0731,7
0732,3
0733,2
0734,2
0735,2
0736,0
0737,9
0738,0
0739,9
0740,1
0741,7
0742,9
0743,0
0744,10
0745,3
0746,7
0747,0
0748,4
0749,10
0750,7
0751,1
0752,7
0753,1
0754,2
0755,7
0756,5
0757,7
0758,1
0759,7
0760,7
0761,4
0762,3
0763,5
0764,0
0765,9
0766,6
0767,6
0768,3
0769,3
0770,9
0771,9
0772,6
0773,3
0774,6
0775,9
0776,5
0777,9
0778,1
0779,3
0780,1
0781,7
0782,6
0783,7
0784,7
0785,8
0786,7
0787,1
0788,7
0789,9
0790,1
0791,5
0792,4
0793,10
0794,5
0795,1
0796,1
0797,6
0798,1
0799,0
0800,6
0801,9
0802,7
0803,0
0804,1
0805,2
0806,10
0807,7
0808,6
0809,10
0810,6
0811,10
0812,8
0813,1
0814,8
0815,6
0816,6
0817,1
0818,10
0819,4
0820,6
0821,1
0822,3
0823,0
0824,10
0825,6
0826,5
0827,7
0828,9
0829,6
0830,1
0831,0
0832,1
0833,5
0834,5
0835,1
0836,0
0837,2
0838,7
0839,1
0840,3
0841,7
0842,3
0843,9
0844,3
0845,7
0846,3
0847,1
0848,0
0849,7
0850,5
0851,2
0852,6
0853,8
0854,7
0855,1
0856,10
0857,10
0858,7
0859,6
0860,3
0861,0
0862,1
0863,6
0864,3
0865,1
0866,1
0867,3
0868,9
0869,10
0870,3
0871,10
0872,4
0873,5
0874,1
0875,3
0876,3
0877,3
0878,10
0879,2
0880,10
0881,5
0882,3
0883,5
0884,10
0885,9
0886,7
0887,1
0888,8
0889,6
0890,3
0891,5
0892,10
0893,1
0894,9
0895,1
0896,2
0897,2
0898,0
0899,3
0900,6
0901,0
0902,2
0903,7
0904,3
0905,7
0906,10
0907,9
0908,9
0909,6
0910,1
0911,5
0912,2
0913,6
0914,9
0915,7
0916,0
0917,6
0918,3
0919,1
0920,3
0921,3
0922,3
0923,5
0924,9
0925,1
0926,8
0927,3
0928,5
0929,0
0930,9
0931,3
0932,5
0933,8
0934,3
0935,1
0936,0
0937,3
0938,3
0939,9
0940,9
0941,0
0942,0
0943,3
0944,7
0945,7
0946,5
0947,8
0948,7
0949,6
0950,8
0951,10
0952,4
0953,6
0954,3
0955,3
0956,6
0957,4
0958,5
0959,0
0960,2
0961,8
0962,1
0963,0
0964,1
0965,8
0966,6
0967,7
0968,7
0969,7
0970,8
0971,7
0972,8
0973,8
0974,1
0975,6
0976,3
0977,1
0978,10
0979,1
0980,2
0981,3
0982,1
0983,3
0984,3
0985,8
0986,0
0987,9
0988,7
0989,7
0990,3
0991,1
0992,1
0993,1
0994,6
0995,8
0996,7
0997,10
0998,6
0999,7
1000,9
1001,2
1002,10
1003,1
1004,0
1005,3
1006,2
1007,0
1008,0
1009,9
1010,8
1011,7
1012,7
1013,4
1014,0
1015,3
1016,5
1017,7
1018,6
1019,7
1020,8
1021,9
1022,8
1023,1
1024,3
1025,1
1026,1
1027,3
1028,3
1029,4
1030,6
1031,3
1032,9
1033,9
1034,5
1035,6
1036,10
1037,0
1038,9
1039,2
1040,1
1041,4
1042,0
1043,10
1044,7
1045,8
1046,5
1047,1
1048,3
1049,2
1050,4
1051,1
1052,7
1053,4
1054,8
1055,8
1056,3
1057,1
1058,6
1059,1
1060,9
1061,6
1062,0
1063,7
1064,4
1065,7
1066,0
1067,8
1068,3
1069,9
1070,0
1071,3
1072,9
1073,3
1074,1
1075,5
1076,1
1077,4
1078,1
1079,0
1080,7
1081,2
1082,9
1083,7
1084,10
1085,1
1086,3
1087,3
1088,5
1089,8
1090,4
1091,10
1092,1
1093,0
1094,10
1095,0
1096,6
1097,4
1098,6
1099,10
1100,1
1101,2
1102,6
1103,7
1104,9
1105,6
1106,0
1107,0
1108,3
1109,0
1110,0
1111,7
1112,8
1113,3
1114,10
1115,1
1116,1
1117,8
1118,0
1119,1
1120,1
1121,1
1122,9
1123,7
1124,0
1125,0
1126,1
1127,7
1128,0
1129,0
1130,8
1131,7
1132,3
1133,6
1134,1
1135,6
1136,6
1137,1
1138,7
1139,3
1140,0
1141,8
1142,9
1143,3
1144,9
1145,2
1146,1
1147,3
1148,6
1149,8
1150,1
1151,6
1152,10
1153,3
1154,3
1155,7
1156,9
1157,3
1158,2
1159,7
1160,3
1161,8
1162,7
1163,7
1164,6
1165,5
1166,3
1167,6
1168,7
1169,9
1170,5
1171,8
1172,7
1173,6
1174,10
1175,10
1176,1
1177,7
1178,4
1179,8
1180,0
1181,9
1182,8
1183,5
1184,2
1185,9
1186,3
1187,10
1188,6
1189,4
1190,10
1191,7
1192,7
1193,0
1194,5
1195,0
1196,1
1197,6
1198,2
1199,6
1200,3
1201,9
1202,3
1203,8
1204,10
1205,3
1206,6
1207,3
1208,9
1209,3
1210,3
1211,0
1212,1
1213,7
1214,6
1215,7
1216,3
1217,1
1218,8
1219,10
1220,7
1221,9
1222,3
1223,9
1224,6
1225,2
1226,7
1227,2
1228,6
1229,7
1230,1
1231,1
1232,3
1233,10
1234,1
1235,10
1236,1
1237,1
1238,3
1239,1
1240,6
1241,9
1242,9
1243,5
1244,7
1245,0
1246,1
1247,3
1248,0
1249,3
1250,9
1251,1
1252,6
1253,10
1254,6
1255,0
1256,3
1257,2
1258,1
1259,10
1260,5
1261,1
1262,1
1263,0
1264,9
1265,1
1266,9
1267,8
1268,10
1269,6
1270,1
1271,4
1272,9
1273,4
1274,1
1275,9
1276,7
1277,8
1278,1
1279,1
1280,3
1281,9
1282,9
1283,7
1284,1
1285,0
1286,6
1287,0
1288,1
1289,8
1290,1
1291,9
1292,1
1293,7
1294,9
1295,6
1296,1
1297,6
1298,10
1299,7
1300,0
1301,0
1302,8
1303,10
1304,7
1305,3
1306,10
1307,0
1308,1
1309,3
1310,10
1311,1
1312,6
1313,10
1314,6
1315,1
1316,9
1317,3
1318,7
1319,1
1320,1
1321,9
1322,2
1323,6
1324,9
1325,3
1326,5
1327,6
1328,1
1329,7
1330,0
1331,1
1332,9
1333,7
1334,1
1335,5
1336,9
1337,4
1338,1
1339,1
1340,2
1341,1
1342,6
1343,10
1344,0
1345,1
1346,3
1347,9
1348,4
1349,1
1350,5
1351,8
1352,1
1353,6
1354,0
1355,7
1356,3
1357,3
1358,1
1359,10
1360,3
1361,5
1362,5
1363,6
1364,1
1365,5
1366,3
1367,5
1368,10
1369,1
1370,7
1371,7
1372,7
1373,10
1374,1
1375,7
1376,1
1377,7
1378,9
1379,3
1380,6
1381,5
1382,7
1383,6
1384,9
1385,3
1386,4
1387,6
1388,9
1389,9
1390,7
1391,0
1392,7
1393,0
1394,7
1395,8
1396,7
1397,4
1398,0
1399,3
1400,7
1401,9
1402,1
1403,6
1404,9
1405,7
1406,7
1407,6
1408,3
1409,2
1410,9
1411,1
1412,6
1413,0
1414,9
1415,3
1416,10
1417,8
1418,6
1419,2
1420,0
1421,6
1422,10
1423,3
1424,9
1425,6
1426,5
1427,1
1428,0
1429,0
1430,6
1431,1
1432,0
1433,10
1434,0
1435,7
1436,6
1437,7
1438,3
1439,6
1440,1
1441,8
1442,2
1443,6
1444,1
1445,2
1446,7
1447,7
1448,4
1449,8
1450,1
1451,9
1452,7
1453,4
1454,0
1455,8
1456,1
1457,7
1458,3
1459,9
1460,7
1461,1
1462,10
1463,10
1464,4
1465,0
1466,2
1467,5
1468,3
1469,1
1470,5
1471,7
1472,2
1473,7
1474,6
1475,7
1476,10
1477,6
1478,3
1479,1
1480,10
1481,9
1482,7
1483,0
1484,9
1485,10
1486,4
1487,7
1488,7
1489,6
1490,4
1491,1
1492,3
1493,9
1494,9
1495,0
1496,0
1497,7
1498,3
1499,3
1500,9
1501,8
1502,7
1503,6
1504,7
1505,0
1506,3
1507,1
1508,3
1509,3
1510,1
1511,8
1512,1
1513,10
1514,8
1515,7
1516,1
1517,7
1518,7
1519,1
1520,8
1521,8
1522,6
1523,2
1524,6
1525,6
1526,9
1527,7
1528,6
1529,1
1530,0
1531,10
1532,1
1533,3
1534,8
1535,8
1536,0
1537,0
1538,1
1539,0
1540,3
1541,10
1542,9
1543,1
1544,3
1545,7
1546,6
1547,3
1548,5
1549,1
1550,1
1551,0
1552,3
1553,3
1554,0
1555,10
1556,7
1557,9
1558,6
1559,1
1560,7
1561,1
1562,3
1563,1
1564,3
1565,10
1566,8
1567,2
1568,1
1569,6
1570,9
1571,0
1572,7
1573,3
1574,10
1575,7
1576,9
1577,1
1578,5
1579,8
1580,3
1581,7
1582,9
1583,9
1584,0
1585,3
1586,10
1587,3
1588,9
1589,0
1590,7
1591,10
1592,10
1593,7
1594,8
1595,0
1596,8
1597,7
1598,7
1599,9
1600,10
1601,2
1602,7
1603,7
1604,7
1605,7
1606,9
1607,6
1608,8
1609,8
1610,7
1611,10
1612,9
1613,6
1614,1
1615,0
1616,8
1617,2
1618,8
1619,2
1620,8
1621,5
1622,3
1623,0
1624,6
1625,10
1626,6
1627,3
1628,9
1629,1
1630,3
1631,0
1632,1
1633,8
1634,9
1635,6
1636,0
1637,1
1638,6
1639,5
1640,6
1641,10
1642,1
1643,10
1644,7
1645,7
1646,5
1647,2
1648,2
1649,10
1650,1
1651,4
1652,0
1653,7
1654,3
1655,8
1656,8
1657,10
1658,0
1659,10
1660,5
1661,0
1662,2
1663,7
1664,7
1665,8
1666,2
1667,1
1668,3
1669,8
1670,6
1671,9
1672,10
1673,10
1674,7
1675,0
1676,7
1677,3
1678,1
1679,10
1680,1
1681,8
1682,10
1683,5
1684,7
1685,1
1686,0
1687,7
1688,9
1689,8
1690,9
1691,6
1692,8
1693,1
1694,1
1695,1
1696,9
1697,6
1698,0
1699,6
1700,3
1701,10
1702,7
1703,7
1704,6
1705,0
1706,7
1707,2
1708,3
1709,9
1710,3
1711,1
1712,3
1713,1
1714,2
1715,1
1716,6
1717,10
1718,8
1719,7
1720,6
1721,9
1722,7
1723,0
1724,9
1725,10
1726,6
1727,1
1728,1
1729,6
1730,7
1731,7
1732,1
1733,10
1734,7
1735,5
1736,0
1737,8
1738,3
1739,7
1740,3
1741,5
1742,7
1743,5
1744,8
1745,9
1746,9
1747,9
1748,6
1749,1
1750,4
1751,4
1752,7
1753,1
1754,1
1755,10
1756,6
1757,4
1758,3
1759,4
1760,6
1761,7
1762,1
1763,5
1764,6
1765,8
1766,1
1767,6
1768,8
1769,8
1770,6
1771,3
1772,10
1773,7
1774,0
1775,0
1776,10
1777,4
1778,6
1779,3
1780,9
1781,3
1782,6
1783,5
1784,5
1785,3
1786,7
1787,10
1788,7
1789,3
1790,1
1791,1
1792,7
1793,9
1794,1
1795,7
1796,7
1797,1
1798,1
1799,3
1800,3
1801,1
1802,7
1803,5
1804,4
1805,3
1806,9
1807,7
1808,10
1809,10
1810,3
1811,1
1812,7
1813,5
1814,1
1815,9
1816,5
1817,6
1818,7
1819,5
1820,7
1821,6
1822,6
1823,1
1824,7
1825,0
1826,3
1827,9
1828,3
1829,9
1830,1
1831,0
1832,1
1833,3
1834,6
1835,10
1836,6
1837,0
1838,6
1839,5
1840,0
1841,1
1842,1
1843,9
1844,9
1845,6
1846,10
1847,3
1848,0
1849,1
1850,8
1851,3
1852,2
1853,5
1854,6
1855,1
1856,3
1857,0
1858,9
1859,7
1860,0
1861,3
1862,7
1863,7
1864,7
1865,0
1866,7
1867,6
1868,10
1869,9
1870,1
1871,6
1872,7
1873,0
1874,10
1875,3
1876,8
1877,7
1878,9
1879,1
1880,7
1881,7
1882,9
1883,5
1884,3
1885,3
1886,7
1887,6
1888,10
1889,3
1890,6
1891,10
1892,0
1893,8
1894,4
1895,9
1896,2
1897,7
1898,8
1899,8
1900,5
1901,1
1902,9
1903,0
1904,6
1905,6
1906,9
1907,4
1908,7
1909,3
1910,8
1911,8
1912,10
1913,3
1914,6
1915,7
1916,0
1917,3
1918,9
1919,9
1920,3
1921,6
1922,6
1923,7
1924,3
1925,4
1926,2
1927,9
1928,3
1929,7
1930,2
1931,10
1932,7
1933,0
1934,3
1935,5
1936,5
1937,6
1938,6
1939,7
1940,6
1941,8
1942,8
1943,9
1944,3
1945,8
1946,6
1947,3
1948,1
1949,7
1950,5
1951,6
1952,3
1953,10
1954,10
1955,7
1956,7
1957,7
1958,5
1959,2
1960,10
1961,1
1962,1
1963,1
1964,7
1965,9
1966,7
1967,1
1968,4
1969,5
1970,5
1971,1
1972,10
1973,3
1974,9
1975,1
1976,0
1977,1
1978,8
1979,8
1980,8
1981,8
1982,3
1983,8
1984,10
1985,0
1986,1
1987,0
1988,1
1989,9
1990,0
1991,9
1992,7
1993,0
1994,2
1995,0
1996,1
1997,7
1998,4
1999,7
2000,10
2001,9
2002,5
2003,1
2004,6
2005,9
2006,4
2007,1
2008,10
2009,7
2010,3
2011,8
2012,6
2013,9
2014,7
2015,3
2016,8
2017,3
2018,6
2019,1
2020,7
2021,6
2022,3
2023,5
2024,9
2025,0
2026,7
2027,9
2028,9
2029,10
2030,8
2031,3
2032,8
2033,6
2034,0
2035,9
2036,2
2037,1
2038,1
2039,8
2040,7
2041,0
2042,8
2043,3
2044,3
2045,6
2046,9
2047,0
2048,10
2049,8
2050,7
2051,7
2052,8
2053,5
2054,1
2055,1
2056,1
2057,5
2058,3
2059,6
2060,8
2061,9
2062,0
2063,1
2064,1
2065,2
2066,1
2067,10
2068,5
2069,10
2070,2
2071,7
2072,10
2073,6
2074,0
2075,9
2076,9
2077,9
2078,10
2079,10
2080,9
2081,0
2082,6
2083,9
2084,1
2085,7
2086,1
2087,6
2088,6
2089,5
2090,6
2091,0
2092,6
2093,1
2094,7
2095,6
2096,8
2097,6
2098,3
2099,0
2100,5
2101,10
2102,1
2103,7
2104,1
2105,10
2106,7
2107,3
2108,1
2109,0
2110,3
2111,0
2112,9
2113,3
2114,7
2115,8
2116,10
2117,1
2118,7
2119,7
2120,3
2121,3
2122,9
2123,10
2124,7
2125,6
2126,3
2127,0
2128,8
2129,0
2130,3
2131,1
2132,3
2133,8
2134,2
2135,3
2136,10
2137,9
2138,7
2139,10
2140,0
2141,1
2142,6
2143,9
2144,7
2145,3
2146,2
2147,1
2148,10
2149,10
2150,3
2151,1
2152,5
2153,1
2154,1
2155,0
2156,1
2157,7
2158,10
2159,3
2160,9
2161,10
2162,2
2163,0
2164,6
2165,8
2166,9
2167,4
2168,0
2169,6
2170,1
2171,10
2172,9
2173,1
2174,6
2175,10
2176,6
2177,7
2178,7
2179,9
2180,7
2181,7
2182,4
2183,3
2184,3
2185,9
2186,7
2187,5
2188,1
2189,7
2190,1
2191,10
2192,1
2193,10
2194,9
2195,3
2196,1
2197,3
2198,8
2199,0
2200,1
2201,6
2202,8
2203,1
2204,1
2205,7
2206,4
2207,1
2208,6
2209,1
2210,1
2211,2
2212,0
2213,1
2214,1
2215,2
2216,8
2217,1
2218,6
2219,5
2220,7
2221,5
2222,0
2223,3
2224,5
2225,3
2226,10
2227,7
2228,9
2229,2
2230,0
2231,9
2232,7
2233,3
2234,8
2235,1
2236,1
2237,1
2238,10
2239,10
2240,7
2241,8
2242,9
2243,2
2244,9
2245,7
2246,7
2247,2
2248,1
2249,7
2250,8
2251,0
2252,1
2253,1
2254,7
2255,6
2256,9
2257,2
2258,3
2259,10
2260,0
2261,6
2262,7
2263,5
2264,7
2265,10
2266,9
2267,9
2268,10
2269,9
2270,7
2271,6
2272,6
2273,9
2274,3
2275,7
2276,8
2277,2
2278,10
2279,10
2280,3
2281,10
2282,7
2283,0
2284,1
2285,3
2286,0
2287,10
2288,7
2289,8
2290,7
2291,9
2292,3
2293,1
2294,0
2295,4
2296,10
2297,3
2298,2
2299,9
2300,1
2301,1
2302,6
2303,7
2304,7
2305,7
2306,9
2307,1
2308,7
2309,9
2310,0
2311,5
2312,6
2313,3
2314,2
2315,1
2316,9
2317,1
2318,5
2319,0
2320,2
2321,1
2322,7
2323,0
2324,7
2325,10
2326,9
2327,10
2328,6
2329,6
2330,10
2331,0
2332,10
2333,2
2334,4
2335,6
2336,3
2337,3
2338,1
2339,0
2340,3
2341,9
2342,1
2343,3
2344,0
2345,10
2346,1
2347,1
2348,8
2349,7
2350,1
2351,10
2352,9
2353,4
2354,2
2355,10
2356,1
2357,5
2358,6
2359,9
2360,3
2361,10
2362,8
2363,0
2364,1
2365,0
2366,2
2367,7
2368,8
2369,1
2370,1
2371,10
2372,1
2373,9
2374,8
2375,0
2376,9
2377,7
2378,7
2379,3
2380,4
2381,10
2382,8
2383,10
2384,9
2385,10
2386,10
2387,6
2388,1
2389,3
2390,8
2391,3
2392,4
2393,7
2394,8
2395,3
2396,4
2397,7
2398,8
2399,2
2400,9
2401,9
2402,7
2403,1
2404,7
2405,5
2406,1
2407,1
2408,7
2409,1
2410,7
2411,8
2412,10
2413,0
2414,6
2415,7
2416,7
2417,8
2418,5
2419,10
2420,9
2421,9
2422,6
2423,9
2424,9
2425,8
2426,7
2427,2
2428,10
2429,5
2430,2
2431,3
2432,7
2433,10
2434,7
2435,1
2436,9
2437,0
2438,7
2439,6
2440,1
2441,3
2442,0
2443,5
2444,1
2445,6
2446,9
2447,1
2448,1
2449,10
2450,0
2451,10
2452,1
2453,8
2454,10
2455,10
2456,6
2457,1
2458,0
2459,3
2460,5
2461,2
2462,9
2463,1
2464,2
2465,10
2466,5
2467,1
2468,7
2469,10
2470,7
2471,10
2472,0
2473,3
2474,1
2475,0
2476,9
2477,9
2478,5
2479,4
2480,0
2481,5
2482,3
2483,7
2484,3
2485,7
2486,1
2487,6
2488,0
2489,5
2490,10
2491,7
2492,5
2493,3
2494,3
2495,1
2496,9
2497,8
2498,3
2499,7
2500,8
2501,10
2502,3
2503,7
2504,1
2505,7
2506,3
2507,0
2508,5
2509,5
2510,6
2511,9
2512,3
2513,3
2514,3
2515,6
2516,1
2517,7
2518,7
2519,4
2520,10
2521,6
2522,9
2523,9
2524,7
2525,9
2526,8
2527,6
2528,9
2529,0
2530,10
2531,10
2532,9
2533,1
2534,9
2535,1
2536,7
2537,8
2538,1
2539,6
2540,0
2541,0
2542,5
2543,10
2544,3
2545,7
2546,7
2547,3
2548,9
2549,8
2550,0
2551,5
2552,3
2553,7
2554,7
2555,7
2556,10
2557,1
2558,10
2559,0
2560,7
2561,1
2562,7
2563,7
2564,8
2565,3
2566,3
2567,8
2568,1
2569,7
2570,9
2571,6
2572,3
2573,5
2574,1
2575,6
2576,3
2577,1
2578,3
2579,9
2580,4
2581,6
2582,1
2583,10
2584,1
2585,8
2586,7
2587,3
2588,8
2589,7
2590,3
2591,7
2592,3
2593,2
2594,7
2595,9
2596,0
2597,5
2598,2
2599,3
2600,9
2601,7
2602,7
2603,3
2604,0
2605,7
2606,7
2607,6
2608,7
2609,6
2610,10
2611,8
2612,10
2613,8
2614,7
2615,1
2616,7
2617,4
2618,8
2619,9
2620,8
2621,0
2622,8
2623,0
2624,8
2625,2
2626,4
2627,6
2628,3
2629,6
2630,9
2631,3
2632,3
2633,6
2634,8
2635,0
2636,8
2637,7
2638,8
2639,4
2640,1
2641,6
2642,3
2643,8
2644,10
2645,8
2646,1
2647,1
2648,6
2649,7
2650,2
2651,6
2652,7
2653,1
2654,6
2655,9
2656,3
2657,2
2658,2
2659,9
2660,3
2661,9
2662,0
2663,9
2664,7
2665,2
2666,0
2667,1
2668,7
2669,6
2670,3
2671,10
2672,6
2673,10
2674,5
2675,10
2676,3
2677,10
2678,1
2679,6
2680,7
2681,2
2682,10
2683,3
2684,7
2685,5
2686,10
2687,1
2688,4
2689,8
2690,3
2691,1
2692,7
2693,6
2694,0
2695,9
2696,7
2697,1
2698,3
2699,9
2700,0
2701,0
2702,9
2703,0
2704,9
2705,8
2706,8
2707,6
2708,9
2709,1
2710,1
2711,3
2712,10
2713,0
2714,8
2715,1
2716,3
2717,9
2718,9
2719,6
2720,7
2721,10
2722,7
2723,9
2724,7
2725,0
2726,0
2727,6
2728,7
2729,3
2730,4
2731,1
2732,9
2733,9
2734,9
2735,9
2736,9
2737,6
2738,10
2739,7
2740,7
2741,9
2742,3
2743,8
2744,10
2745,10
2746,8
2747,9
2748,1
2749,7
2750,7
2751,7
2752,3
2753,3
2754,9
2755,3
2756,7
2757,3
2758,1
2759,0
2760,1
2761,3
2762,10
2763,7
2764,6
2765,3
2766,1
2767,9
2768,8
2769,3
2770,9
2771,0
2772,1
2773,9
2774,3
2775,1
2776,8
2777,4
2778,10
2779,0
2780,5
2781,3
2782,8
2783,6
2784,8
2785,1
2786,7
2787,9
2788,10
2789,7
2790,8
2791,9
2792,0
2793,8
2794,7
2795,10
2796,0
2797,1
2798,7
2799,0
2800,10
2801,10
2802,2
2803,7
2804,3
2805,0
2806,6
2807,8
2808,10
2809,3
2810,1
2811,7
2812,8
2813,10
2814,10
2815,7
2816,10
2817,3
2818,9
2819,1
2820,9
2821,9
2822,0
2823,6
2824,7
2825,0
2826,1
2827,6
2828,6
2829,6
2830,5
2831,3
2832,5
2833,9
2834,7
2835,1
2836,7
2837,6
2838,0
2839,6
2840,9
2841,9
2842,8
2843,7
2844,2
2845,3
2846,6
2847,8
2848,8
2849,7
2850,10
2851,3
2852,9
2853,8
2854,7
2855,7
2856,4
2857,0
2858,8
2859,7
2860,7
2861,1
2862,0
2863,2
2864,3
2865,8
2866,10
2867,1
2868,1
2869,5
2870,8
2871,7
2872,9
2873,6
2874,2
2875,9
2876,1
2877,8
2878,8
2879,6
2880,6
2881,1
2882,0
2883,0
2884,0
2885,6
2886,0
2887,6
2888,7
2889,7
2890,4
2891,0
2892,9
2893,10
2894,6
2895,1
2896,3
2897,9
2898,3
2899,1
2900,1
2901,3
2902,10
2903,0
2904,1
2905,1
2906,6
2907,3
2908,1
2909,7
2910,7
2911,7
2912,3
2913,9
2914,3
2915,1
2916,8
2917,4
2918,9
2919,9
2920,1
2921,9
2922,9
2923,9
2924,1
2925,3
2926,2
2927,3
2928,3
2929,9
2930,7
2931,2
2932,1
2933,7
2934,0
2935,9
2936,6
2937,2
2938,6
2939,3
2940,10
2941,7
2942,6
2943,9
2944,3
2945,2
2946,4
2947,9
2948,6
2949,6
2950,0
2951,5
2952,9
2953,7
2954,10
2955,7
2956,7
2957,5
2958,9
2959,3
2960,1
2961,0
2962,6
2963,7
2964,1
2965,10
2966,1
2967,2
2968,1
2969,1
2970,10
2971,7
2972,3
2973,10
2974,2
2975,7
2976,10
2977,3
2978,7
2979,5
2980,10
2981,10
2982,1
2983,4
2984,7
2985,0
2986,7
2987,9
2988,5
2989,3
2990,0
2991,1
2992,4
2993,1
2994,7
2995,1
2996,3
2997,0
2998,6
2999,8
